case_id,sample_id,t,cohort,baseline_status,unet_parent_candidates,unet_daughter_1_candidates,unet_daughter_2_candidates,parent_distance_um,daughter_1_distance_um,daughter_2_distance_um,parent_frame_peak_count,daughter_frame_peak_count,distinct_daughter_pair,complete_triplet,det_threshold,pool_kernel_um,tta,graph_mutated,edges_inferred
DEV-44b6_5f15d135-t36-p125000000011,44b6_5f15d135,36,baseline_unavailable,no_parent_detection_within_7um,2,2,1,2.4375,0.9084026158592896,1.284675299443404,277,289,True,True,0.97,3.0,xy_d4_8_view,False,False
DEV-44b6_706092f0-t49-p446000000015,44b6_706092f0,49,baseline_unavailable,no_parent_detection_within_7um,1,1,1,0.40625,,,338,337,False,False,0.97,3.0,xy_d4_8_view,False,False
DEV-44b6_74d0c52e-t58-p296000000021,44b6_74d0c52e,58,baseline_unavailable,fewer_than_two_daughter_lineages_within_7um,1,2,1,2.632800908728193,1.1490485194281397,0.40625,112,104,True,True,0.97,3.0,xy_d4_8_view,False,False
DEV-44b6_aaf8b0ea-t61-p390000000000,44b6_aaf8b0ea,61,baseline_unavailable,no_pair_inside_14um_formation_radius,1,1,1,1.1490485194281397,,,184,178,False,False,0.97,3.0,xy_d4_8_view,False,False
DEV-44b6_c50204e0-t28-p171000000043,44b6_c50204e0,28,baseline_nonofficial_action,projected_actions_not_official_tp,1,0,1,1.7235727791422095,,,505,529,False,False,0.97,3.0,xy_d4_8_view,False,False
DEV-44b6_c50204e0-t65-p208000000033,44b6_c50204e0,65,baseline_nonofficial_action,projected_actions_not_official_tp,1,1,1,0.8125,3.494694639736067,3.5648292823780494,573,579,True,True,0.97,3.0,xy_d4_8_view,False,False
DEV-6bba_2312ac41-t10-p11000190,6bba_2312ac41,10,baseline_unavailable,fewer_than_two_daughter_lineages_within_7um,2,1,2,3.494694639736067,3.374565944310468,1.284675299443404,216,212,True,True,0.97,3.0,xy_d4_8_view,False,False
DEV-6bba_2312ac41-t19-p20000316,6bba_2312ac41,19,baseline_unavailable,no_parent_detection_within_7um,1,2,1,3.447145558284419,3.5648292823780494,1.86167137607581,183,182,True,True,0.97,3.0,xy_d4_8_view,False,False
DEV-6bba_2819ca14-t61-p62000719,6bba_2819ca14,61,positive_control,official_positive,1,1,1,2.2980970388562794,1.7235727791422095,2.03125,53,58,True,True,0.97,3.0,xy_d4_8_view,False,False
DEV-6bba_3abfe10a-t81-p82001296,6bba_3abfe10a,81,baseline_unavailable,no_parent_detection_within_7um,1,1,1,5.025034981221523,3.6336104634371584,1.86167137607581,777,760,True,True,0.97,3.0,xy_d4_8_view,False,False
DEV-6bba_3c5691b6-t22-p23000172,6bba_3c5691b6,22,positive_control,official_positive,1,1,1,1.8168052317185792,0.9084026158592896,1.6750116604071745,60,60,True,True,0.97,3.0,xy_d4_8_view,False,False
DEV-6bba_3c5691b6-t6-p7000054,6bba_3c5691b6,6,baseline_unavailable,fewer_than_two_daughter_lineages_within_7um,2,1,1,2.9575446425202108,3.494694639736067,0.9084026158592896,71,71,True,True,0.97,3.0,xy_d4_8_view,False,False
DEV-6bba_3fda6b25-t28-p29000542,6bba_3fda6b25,28,positive_control,official_positive,1,1,1,2.03125,3.350023320814349,0.9084026158592896,102,103,True,True,0.97,3.0,xy_d4_8_view,False,False
DEV-6bba_57b7cc1e-t12-p13000378,6bba_57b7cc1e,12,baseline_nonofficial_action,projected_actions_not_official_tp,1,2,3,0.40625,1.6750116604071745,5.170718337426629,1002,1007,True,True,0.97,3.0,xy_d4_8_view,False,False
DEV-6bba_57b7cc1e-t23-p24000720,6bba_57b7cc1e,23,baseline_unavailable,no_parent_detection_within_7um,1,1,1,2.1877232028983924,3.447145558284419,3.374565944310468,995,990,True,True,0.97,3.0,xy_d4_8_view,False,False
DEV-6bba_57b7cc1e-t77-p78002270,6bba_57b7cc1e,77,baseline_unavailable,no_parent_detection_within_7um,1,1,2,1.7235727791422095,3.471001521535247,2.333728575156074,995,992,True,True,0.97,3.0,xy_d4_8_view,False,False
DEV-6bba_5c039895-t10-p11000170,6bba_5c039895,10,baseline_nonofficial_action,projected_actions_not_official_tp,1,1,1,1.7235727791422095,2.0714766773970688,1.9902104160113323,112,111,True,True,0.97,3.0,xy_d4_8_view,False,False
DEV-6bba_5c039895-t52-p53000762,6bba_5c039895,52,baseline_unavailable,no_parent_detection_within_7um,1,1,1,0.5745242597140698,2.0714766773970688,0.9084026158592896,91,89,True,True,0.97,3.0,xy_d4_8_view,False,False
DEV-6bba_5c039895-t58-p59000855,6bba_5c039895,58,positive_control,official_positive,1,1,1,3.25,1.8168052317185792,4.89189779763437,84,83,True,True,0.97,3.0,xy_d4_8_view,False,False
DEV-6bba_5c824876-t2-p3000057,6bba_5c824876,2,baseline_unavailable,fewer_than_two_daughter_lineages_within_7um,1,1,1,1.86167137607581,3.300390601883359,0.40625,231,237,True,True,0.97,3.0,xy_d4_8_view,False,False
DEV-6bba_6321a359-t8-p9000094,6bba_6321a359,8,baseline_unavailable,fewer_than_two_daughter_lineages_within_7um,1,2,1,0.40625,1.8168052317185792,0.9084026158592896,50,46,True,True,0.97,3.0,xy_d4_8_view,False,False
DEV-6bba_67ebd073-t86-p87000772,6bba_67ebd073,86,positive_control,official_positive,1,1,1,1.9902104160113323,0.9084026158592896,0.9084026158592896,88,83,True,True,0.97,3.0,xy_d4_8_view,False,False
DEV-6bba_7d3058ae-t32-p33000475,6bba_7d3058ae,32,baseline_unavailable,no_pair_inside_14um_formation_radius,2,1,2,3.8540258983302125,1.7235727791422095,0.40625,83,84,True,True,0.97,3.0,xy_d4_8_view,False,False
DEV-6bba_7d3058ae-t83-p84001401,6bba_7d3058ae,83,positive_control,official_positive,1,1,1,1.6750116604071745,0.40625,0.9084026158592896,89,88,True,True,0.97,3.0,xy_d4_8_view,False,False
DEV-6bba_87289e13-t77-p78001026,6bba_87289e13,77,baseline_nonofficial_action,projected_actions_not_official_tp,1,1,1,2.0714766773970688,0.40625,1.1490485194281397,65,70,True,True,0.97,3.0,xy_d4_8_view,False,False
DEV-6bba_8b7818bf-t3-p4000023,6bba_8b7818bf,3,baseline_unavailable,no_parent_detection_within_7um,1,1,1,1.4647552056572457,0.8125,0.5745242597140698,66,62,True,True,0.97,3.0,xy_d4_8_view,False,False
DEV-6bba_8b7818bf-t33-p34000238,6bba_8b7818bf,33,baseline_unavailable,no_parent_detection_within_7um,1,1,1,2.368824207280903,2.03125,1.86167137607581,76,76,True,True,0.97,3.0,xy_d4_8_view,False,False
DEV-6bba_907271db-t96-p97001173,6bba_907271db,96,baseline_unavailable,fewer_than_two_daughter_lineages_within_7um,1,1,1,0.9084026158592896,3.447145558284419,1.7235727791422095,42,48,True,True,0.97,3.0,xy_d4_8_view,False,False
DEV-6bba_9e23430b-t89-p90001032,6bba_9e23430b,89,baseline_unavailable,no_parent_detection_within_7um,1,2,1,0.8125,0.40625,3.65625,161,154,True,True,0.97,3.0,xy_d4_8_view,False,False
DEV-6bba_cdcfe533-t28-p29000464,6bba_cdcfe533,28,positive_control,official_positive,1,1,1,1.8168052317185792,0.9084026158592896,1.284675299443404,268,267,True,True,0.97,3.0,xy_d4_8_view,False,False
DEV-6bba_cdcfe533-t48-p49000935,6bba_cdcfe533,48,positive_control,official_positive,1,1,1,2.0714766773970688,1.21875,1.86167137607581,277,283,True,True,0.97,3.0,xy_d4_8_view,False,False
DEV-6bba_cdcfe533-t52-p53001039,6bba_cdcfe533,52,baseline_unavailable,fewer_than_two_daughter_lineages_within_7um,1,1,2,1.6750116604071745,1.284675299443404,1.1490485194281397,288,285,True,True,0.97,3.0,xy_d4_8_view,False,False
DEV-6bba_cdcfe533-t86-p87002049,6bba_cdcfe533,86,baseline_unavailable,fewer_than_two_daughter_lineages_within_7um,1,1,1,1.625,2.03125,1.86167137607581,296,288,True,True,0.97,3.0,xy_d4_8_view,False,False
DEV-6bba_d2b9fc0c-t72-p73000666,6bba_d2b9fc0c,72,baseline_nonofficial_action,projected_actions_not_official_tp,2,1,1,2.1877232028983924,2.6012692214570947,1.86167137607581,225,224,True,True,0.97,3.0,xy_d4_8_view,False,False
DEV-6bba_d2b9fc0c-t78-p79000759,6bba_d2b9fc0c,78,baseline_unavailable,fewer_than_two_daughter_lineages_within_7um,2,2,1,2.632800908728193,2.0714766773970688,1.7235727791422095,236,232,True,True,0.97,3.0,xy_d4_8_view,False,False
DEV-6bba_d3da753b-t63-p64000722,6bba_d3da753b,63,baseline_nonofficial_action,projected_actions_not_official_tp,1,1,1,2.1877232028983924,0.40625,1.6750116604071745,123,123,True,True,0.97,3.0,xy_d4_8_view,False,False
DEV-6bba_debd7bfa-t12-p13000353,6bba_debd7bfa,12,positive_control,official_positive,1,1,1,0.8125,1.8168052317185792,2.0714766773970688,228,222,True,True,0.97,3.0,xy_d4_8_view,False,False
DEV-6bba_debd7bfa-t26-p27000673,6bba_debd7bfa,26,positive_control,official_positive,2,2,2,1.7235727791422095,5.202538442914189,1.9902104160113323,187,183,True,True,0.97,3.0,xy_d4_8_view,False,False
DEV-6bba_debd7bfa-t36-p37000853,6bba_debd7bfa,36,baseline_unavailable,fewer_than_two_daughter_lineages_within_7um,1,1,1,3.374565944310468,3.300390601883359,1.7235727791422095,156,149,True,True,0.97,3.0,xy_d4_8_view,False,False
DEV-6bba_debd7bfa-t37-p38000863,6bba_debd7bfa,37,positive_control,official_positive,1,1,1,0.9084026158592896,0.5745242597140698,2.0714766773970688,149,154,True,True,0.97,3.0,xy_d4_8_view,False,False
DEV-6bba_ef7b4f7e-t14-p15000245,6bba_ef7b4f7e,14,baseline_unavailable,no_parent_detection_within_7um,1,1,1,0.9084026158592896,1.7235727791422095,1.4647552056572457,64,63,True,True,0.97,3.0,xy_d4_8_view,False,False
DEV-6bba_ef7b4f7e-t89-p90001375,6bba_ef7b4f7e,89,baseline_unavailable,fewer_than_two_daughter_lineages_within_7um,1,1,1,0.8125,3.25,1.8168052317185792,79,80,True,True,0.97,3.0,xy_d4_8_view,False,False
DEV-6bba_fc5f39dc-t24-p25000064,6bba_fc5f39dc,24,baseline_unavailable,fewer_than_two_daughter_lineages_within_7um,2,1,1,2.6012692214570947,2.4375,1.6750116604071745,154,147,True,True,0.97,3.0,xy_d4_8_view,False,False
DEV-6bba_fc5f39dc-t54-p55000245,6bba_fc5f39dc,54,baseline_nonofficial_action,projected_actions_not_official_tp,2,1,0,1.86167137607581,,,222,225,False,False,0.97,3.0,xy_d4_8_view,False,False
DEV-6bba_fe670320-t0-p1000014,6bba_fe670320,0,positive_control,official_positive,1,1,1,1.6750116604071745,1.625,1.625,43,39,True,True,0.97,3.0,xy_d4_8_view,False,False
DEV-6bba_fe670320-t66-p67000712,6bba_fe670320,66,positive_control,official_positive,1,1,1,0.9084026158592896,3.5648292823780494,2.4375,170,177,True,True,0.97,3.0,xy_d4_8_view,False,False
